rserrano@qualityec.com;;;;;
jocaru777@hotmail.com;;;;;
youngmok72@gmail.com;;;;;
lore_mell@hotmail.com;;;;;
medicalboutique@hotmail.com;;;;;
x_zambrano@hotmail.com;;;;;
xabu180@hotmail.com;;;;;
wbajana@hotmail.com;;;;;
omar.virtualweb@gmail.com;;;;;
luis_vinueza_f@yahoo.com;;;;;
rafaelvillao@hotmail.com;;;;;
vhjacome@hotmail.com;;;;;
videar@hotmail.com;;;;;
vestsacer@yahoo.com;;;;;
veronicamorenog@hotmail.com;;;;;
jvcingenieria@yahoo.com;;;;;
valvulaytubos@hotmail.com;;;;;
usalecsa@gmail.com;;;;;
ugrector@ug.edu.ec;;;;;
umitsa_loor@hotmail.com;;;;;
unideltagye@ecutel.net;;;;;
servitec65@hotmail.es;;;;;
tucovagerenciadeventas@gmail.com;;;;;
nurgiles@traselec.com;;;;;
marlonbermeo@hotmail.com;;;;;
marcelotorres20@hotmail.com;;;;;
vicealex7@yahoo.es;;;;;
tmontano_20@hotmail.com;;;;;
tfaudito@cable.net.co;;;;;
ma.jo.marquez@live.com;;;;;
rcevallos@eesaci.com;;;;;
mildredz_2000@yahoo.com;;;;;
telmidal@hotmail.com;;;;;
telingenieria@hotmail.com;;;;;
mescobar@uio.telconet.net;;;;;
ivan.ruales@telalca.com;;;;;
tecnoscorpsa@yahoo.com;;;;;
tecnomueblesnl@hotamil.com;;;;;
rbohorquez@tecnofluido.com.ec;;;;;
tecinformacsa@yahoo.com;;;;;
r_chang7316@hotmail.com;;;;;
tabkontroll@ecutel.net;;;;;
synderad@gmail.com;;;;;
pcarmigniani@svf-ecuador.com;;;;;
supercleanness@hotmail.com;;;;;
sumimetsa@gmail.com;;;;;
menriquez_06@hotmail.com;;;;;
solecari@hotmail.com;;;;;
wneira@pinturasneira.com;;;;;
nella_martinez@hotmail.com;;;;;
proyectos@siselec.ec;;;;;
sinacomsa@gmail.com;;;;;
simarce@live.com;;;;;
rgsilva@espol.edu.ec;;;;;
sunarena@hotmail.com;;;;;
serviprovesa88@yahoo.com;;;;;
servimetales_jc@hotmail.com;;;;;
setersa@ecutel.net;;;;;
serviciosmedvas@gmail.com;;;;;
serigrafsa@yahoo.com;;;;;
rag@amsumar.com.ec;;;;;
segpro@telconet.net;;;;;
jsegarra_perez@hotmail.com;;;;;
proyectos@compucima.com.ec;;;;;
jotosave@hotmail.com;;;;;
xartho@yahoo.es;;;;;
roberto_laman@yahoo.com;;;;;
rodriguezcomercial@yahoo.com.ar;;;;;
jrodriguezdoylet@hotmail.com;;;;;
roviec2@yahoo.es;;;;;
raulmorales57@yahoo.com;;;;;
sumpierrez@hotmail.com;;;;;
rgonzenbach@hotmail.com;;;;;
rr_aviles@hotmail.com;;;;;
reteimar@yahoo.com;;;;;
repinsa@pinturasneira.com;;;;;
jimmyrendon@yahoo.com;;;;;
manuel.powchonlong@hotmail.es;;;;;
suministros_srs@hotmail.com;;;;;
rudy1761@yahoo.es;;;;;
quimiser@quimiser.com.ec;;;;;
quimelubsa@yahoo.es;;;;;
oscartomsich@yahoo.com;;;;;
j_ludenad@hotmail.com;;;;;
jennyastudillo@psiecuador.com;;;;;
proyectmega@yahoo.com;;;;;
roberto.guerrero@proquilarv.com.ec;;;;;
lcevallos@inproel.com;;;;;
prodimasa@telconet.net;;;;;
ventas@jarnuc.com;;;;;
xespinos@petrocomercial.com;;;;;
oandarcia@poliquim.com;;;;;
plusgas_rvw@yahoo.com;;;;;
petrolandsa@yahoo.com;;;;;
robertorc69@hotmail.com;;;;;
mppg2087@hotmail.com;;;;;
pvc.obrasyproyectos@hotmail.com;;;;;
rintriago911@hotmail.com;;;;;
pedrogonzalo@hotmail.com;;;;;
villegasmacias@gmail.com;;;;;
pcajias@gmail.com;;;;;
manuela04@hotmail.com;;;;;
jpalacios68@hotmail.com;;;;;
osier@ecutel.net;;;;;
oskar_sanz@hotmail.com;;;;;
xguerrero@onlycontrol.com;;;;;
olmersa@yahoo.com;;;;;
olivsaind@yahoo.com;;;;;
lourdes271170@yahoo.com;;;;;
rjaramillo@oceanbat.com;;;;;
yepezgerman@yahoo.com;;;;;
novusconsor@hotmail.com;;;;;
ivanazy@hotmail.com;;;;;
nzmendoza@hotmail.com;;;;;
nilafaytong@hotmail.com;;;;;
patriciovela@hotmail.com;;;;;
nvallejom@yahoo.com;;;;;
navasjorge02@hotmail.com;;;;;
nartelicsa@hotmail.com;;;;;
npritmani@ecutel.net;;;;;
narcisacherrez@hotmail.com;;;;;
kstdalila@hotmail.com;;;;;
vicentegrijalvabueno@hotmail.com;;;;;
mb_assan@yahoo.com;;;;;
movicorpsa@yahoo.com;;;;;
motorulich@gmail.com;;;;;
timec19@hotma.com;;;;;
willian.morales@impsat.net.ec;;;;;
merkalli@hotmail.com;;;;;
menshippingsa@hotmail.com;;;;;
migarfa@yahoo.com;;;;;
megalife6@hotmail.com;;;;;
villavicencio.a@megaestructurassa.com;;;;;
jcantos@medibac.com;;;;;
mcqv_50@hotmail.com;;;;;
mascaro_los_tanques@hotmail.com;;;;;
martinezaltamirano@yahoo.com;;;;;
ventas@electroavil-es.com;;;;;
skyblue6060@hotmail.com;;;;;
qtocom-3@marriott.ec;;;;;
mcansiong@marriott.ec;;;;;
salo_alvarez@hotmail.com;;;;;
lorenafabre@hotmail.com;;;;;
marconoboa@hotmail.es;;;;;
marmazzini@yahoo.com;;;;;
marceladutan@hotmail.com;;;;;
rcedeno@mavesaec.com.ec;;;;;
irada_28@yahoo.es;;;;;
williamherreras@hotmail.com;;;;;
pcalderon@mamutandino.com;;;;;
joemacias@gmail.com;;;;;
lizandro_anzules@hotmail.com;;;;;
lmoreira_garcia@yahoo.com;;;;;
liseyolamiranda@yahoo.com;;;;;
lily.lindao@gmail.com;;;;;
lesomarsa2@hotmail.com;;;;;
nitrebras@hotmail.com;;;;;
kinisonsa@gmail.com;;;;;
kiluanisa@hotmail.com;;;;;
katthylopez@gmail.com;;;;;
kalkin@ecutel.net;;;;;
kakusa@yupimail.com;;;;;
serveinsa@hotmail.com;;;;;
jgmelectrico@hotmail.com;;;;;
ttema@hotmail.com;;;;;
surtidores@hotmail.com;;;;;
saltosna78@yahoo.es;;;;;
jorge_endo@hotmail.com;;;;;
jcalle@espol.edu.ec;;;;;
jorge_chiquito47@yahoo.com;;;;;
sistelectron@hotmail.com;;;;;
joel_mendez16@hotmail.com;;;;;
wjara@espol.edu.ec;;;;;
ventas@trofeosmoran.com;;;;;
mcc_proconstrucciones@yahoo.es;;;;;
jaimecabreraj@hotmail.es;;;;;
necoflor2526@hotmail.com;;;;;
j_ulich@hotmail.com;;;;;
jpconstrucciones@yahoo.com;;;;;
servibuque_ifloreano@hotmail.com;;;;;
pamela.dillon@intertek.com;;;;;
vinaire_sa@yahoo.com;;;;;
mariaestheralarcon@hotmail.com;;;;;
proyectos@inproel.com;;;;;
pcuram@hotmail.com;;;;;
jorgeruilova@hotmail.com;;;;;
ltx656@hotmail.com;;;;;
joseubillusa@hotmail.com;;;;;
soltecint@yahoo.es;;;;;
jacinto_rodriguez@hotmail.com;;;;;
jgueva1973@yahoo.com;;;;;
j_paezm@hotmail.com;;;;;
italo_manuel@hotmail.com;;;;;
oscartraveller@gmail.com;;;;;
jmolina@indura.net;;;;;
ventasquito3@inducom-ec.com;;;;;
pbodniza@hotmail.com;;;;;
jaime@balladaresasociados.com;;;;;
jorge.naula.z@hogables.com;;;;;
jacky680@hormail.com;;;;;
yafesa@hotmail.com;;;;;
peterman.123@hotmail.com;;;;;
valentin_sala@hotmail.com;;;;;
modatel@hatmail.com;;;;;
marcelo0742@hotmail.com;;;;;
mculcay@frenopreciso.com.ec;;;;;
luisenriflorencia@gmail.com;;;;;
monicaventas@hotmail.com;;;;;
manuelken1@hotmail.com;;;;;
lapekis_1413_@hotmail.com;;;;;
rfalquez@yahoo.com;;;;;
orlyvill@hotmail.com;;;;;
ventas2@escopusa.com;;;;;
osvies2003@yahoo.com;;;;;
ores18@hotmail.com;;;;;
pilarmartinez.ec@gmail.com;;;;;
ventas.equabuilding@gmail.com;;;;;
ventas@enatin.com;;;;;
tanasa01@yahoo.com;;;;;
ventasyservicios@micabal.com;;;;;
tlucin@ediplarq.com;;;;;
mmacias@corpmyl.com;;;;;
yurypango@hotmail.com;;;;;
sanunga@gmail.com;;;;;
jhonmend@yahoo.es;;;;;
lenin.nogales@gmail.com;;;;;
psacoto@dentalmarket.com.ec;;;;;
raquelgutierrezec@gmail.com;;;;;
sentramix@yahoo.com;;;;;
montsinecua@hotmail.com;;;;;
liz.coll@damaus.com;;;;;
vanessa0984@yahoo.es;;;;;
rcuero68@yahoo.es;;;;;
leonsierrajose@yahoo.com;;;;;
sismica@sic.com.ec;;;;;
ventas@construpiec.com;;;;;
jaimeduardo@hotmal.com;;;;;
paulina@comunidor.com;;;;;
ventas@pan-americana.com;;;;;
tecnac@tecnac.com;;;;;
mfjugachol@hotmail.com;;;;;
treonesec@gmail.com;;;;;
pailon1889@gmail.com;;;;;
patogarciaec@yahoo.com;;;;;
rarriaga@chemtechecuador.com;;;;;
klebermerello@cempaz.com;;;;;
xncastro@yahoo.com;;;;;
xzambrano@cartimex.com;;;;;
mguzman@carsegsa.com;;;;;
pao-lac@hotmail.com;;;;;
vital04_ec@yahoo.com;;;;;
lpbroker@ecuadortelecom.com;;;;;
tereza_bz@hotmail.com;;;;;
torozco@bremax.com.ec;;;;;
ma.ceciliaflores@hotmail.com;;;;;
randackz@hotmail.com;;;;;
marcos.parra@bidile.com;;;;;
litugraf@hotmail.com;;;;;
jusbenite@hotmail.com;;;;;
la_pepita1@hotmail.com;;;;;
jorgearroyo4314@hotmail.com;;;;;
walyera@yahoo.com;;;;;
santiagosojosvera@gmail.com;;;;;
mllerenah@hotmail.com;;;;;
yesenia_ruiz@hotmail.com;;;;;
leoalexarturo@hotmail.com;;;;;
pipo63@hotmail.es;;;;;
mrapolog@yahoo.es;;;;;
ventas@oficservi.com;;;;;
michaelchong71@hotmail.com;;;;;
roberto.cabrera@gmail.com;;;;;
jhonaru@hotmail.com;;;;;
nepalflo@hotmail.com;;;;;
karym@viajesamazonas.com;;;;;
ismael.afitger@gmail.com;;;;;
luis_medina1969@hotmail.com;;;;;
marco_v_morales@hotmail.com;;;;;
estebanpinto@afapin.com;;;;;
sales@stech.ec;;;;;
ryc@ryc.com.ec;;;;;
oswaldomoran@hotmail.com;;;;;
luis_arteaga_nowak@hotmail.com;;;;;
transportehbonilla@gmail.com;;;;;
jkelal@hotmail.com;;;;;
ocartagenaulloa@hotmail.com;;;;;
produlider@live.com;;;;;
romeroconstru@hotmail.com;;;;;
novacleansa@gmail.com;;;;;
selacountry@yahoo.es;;;;;
jdeguilhem@hotmail.com;;;;;
metalplas1@hotmail.com;;;;;
tecniconsul2007@hotmail.com;;;;;
luisamador@nainspecciones.com;;;;;
wat_er_oflife@hotmail.com;;;;;
iromano@southcompression.com;;;;;
jacintoflor@msn.com;;;;;
reprolofumsa@yahoo.com;;;;;
paletcorp@hotmail.com;;;;;
staylortsa@yahoo.es;;;;;
walterdvega@yahoo.com;;;;;
tecniperfec@yahoo.com;;;;;
rivertrustsa@yahoo.com;;;;;
proyelsaed@hotmail.com;;;;;
transpersonalsehore@hotmail.com;;;;;
seguprotec3000@hotmail.com;;;;;
veronica.hinojosa@tecnival-sa.com;;;;;
persecuador@hotmail.com;;;;;
servaconsa@hotmail.com;;;;;
timcopsa@yahoo.com;;;;;
yogsaecuador@hotmail.com;;;;;
jannethnigon@hotmail.com;;;;;
sefiemseguridad@hotmail.com;;;;;
svergara@globsys.com.ec;;;;;
solquimsa@hotmail.com;;;;;
sergiopalma@sergeherve.com;;;;;
masusa@masusaecuador.com;;;;;
vlemos@righttek.com;;;;;
multishift@yahoo.com;;;;;
jimmysanchez3@hotmail.com;;;;;
tucernav@yahoo.com;;;;;
paul.correa@enfriando.com;;;;;
obracha@hotmail.com;;;;;
nerco_gye@yahoo.com;;;;;
modermueble_cia_ltda@hotmail.com;;;;;
suprel_ec@hotmail.com;;;;;
tes_electrica@hotmail.com;;;;;
promaconfi@yahoo.com;;;;;
quimicospasilva@yahoo.com;;;;;
invercua2@gmail.com;;;;;
insueco@yahoo.com;;;;;
instruyah@yahoo.com;;;;;
ingemis_ingemis@hotmail.com;;;;;
ingdsantana@hotmail.com;;;;;
ingalarcont@hotmail.com;;;;;
ing.xfonseca@gmail.com;;;;;
ing.joalsa@hotmail.com;;;;;
info@tainsa-sercople.com.ec;;;;;
info@sumelec.net;;;;;
info@oss.com.ec;;;;;
info@molemotor.com;;;;;
info@linosydetalles.com;;;;;
info@it-synergy.net;;;;;
info@isocalidadecu.com;;;;;
info@intelecto.com.ec;;;;;
info@indutorres.com;;;;;
info@fumitec.com;;;;;
info@davive.com;;;;;
info@corcem.com;;;;;
info@concretoyprefabricados.com;;;;;
info@aretina.com;;;;;
info@adisol.com.ec;;;;;
induservi02@yahoo.com;;;;;
indeconstruye@hotmail.com;;;;;
inartotal@gmail.com;;;;;
impresos_jr@hotmail.com;;;;;
imprenta_imagen@ecutel.net;;;;;
impordelta1@gmail.com;;;;;
impordau@gmail.com;;;;;
ilaica82@hotmail.com;;;;;
hlimongip@hotmail.com;;;;;
hidroestudios.pdrq@gmail.com;;;;;
hermesluppi69@hotmail.com;;;;;
henry.ortega.p@hotmail.com;;;;;
henaguir@hotmail.com;;;;;
hazcon_services1@yahoo.com;;;;;
halcivarcostas@hotmail.com;;;;;
gyqmayor@pa-co.com;;;;;
gustavojibaja@hotmail.com;;;;;
gtinoco@fumipac.com;;;;;
gsamudio@entalpia.com.ec;;;;;
grupotransnacionalecuador@yahoo.es;;;;;
grimanesamedina@hotmail.com;;;;;
gonzalo_montesinosm@hotmail.com;;;;;
gonzalez58@gmail.com;;;;;
goldentime_sa@yahoo.com;;;;;
goepelsa@trans-telco.net;;;;;
globaltrainers08@gmail.com;;;;;
gladwellsa@gmail.com;;;;;
giovacarrillo2005@yahoo.com;;;;;
ggiler1@hotmail.com;;;;;
ggarben@hotmail.com;;;;;
gerencia@oceansecurity.net;;;;;
geosima@geosima.com;;;;;
georgien@lacasadelatobera.com;;;;;
gcassis@cartimex.com;;;;;
gapaecu@yahoo.com;;;;;
galozhagui@hotmail.com;;;;;
gadere@telconet.net;;;;;
gabrielsant5@hotmail.com;;;;;
gabrielcolmont@hotmail.com;;;;;
gabriela.martinez@pttdigital.net;;;;;
g.regional@felvenza.com;;;;;
g.chiriboga@chiribogayjara.com;;;;;
fzanabria@yahoo.com;;;;;
fxsavinovich@hotmail.com;;;;;
ftorres@espol.edu.ec;;;;;
frioauto2gr@hotmail.com;;;;;
franordonez11700@hotmail.com;;;;;
franciscovale70@hotmail.com;;;;;
folicy_sa@ecutel.net;;;;;
fmarcos@grupoquimicomarcos.com;;;;;
financiero1@inducom-ec.com;;;;;
ferrovaltub@yahoo.com;;;;;
ferrimetalsa@gmail.com;;;;;
ferreteriamyv@hotmail.com;;;;;
ferreterialuque@hotmail.com;;;;;
fernny48@hotmail.com;;;;;
fernando_1019@hotmail.com;;;;;
fernanda_quimi@hotmail.com;;;;;
fer_omega@hotmail.com;;;;;
fcomoran20@hotmail.com;;;;;
fauleocar22@hotmail.com;;;;;
faratorres@hotmail.es;;;;;
fabianca21@hotmail.com;;;;;
f_moscoso@hotmail.com;;;;;
exportairsa@yahoo.com;;;;;
exitdosmil@gmail.com;;;;;
exialfa@gmail.com;;;;;
euroxs_gye@hotmail.com;;;;;
esvely1973@gmail.com;;;;;
estalin919@hotmail.com;;;;;
esmar.gonzalez@gmail.com;;;;;
escudero.alfonso@gmail.com;;;;;
escasub@gmail.com;;;;;
ernestosalvadore@yahoo.com;;;;;
ernestochiriboga@hotmail.com;;;;;
ericsteve5@yahoo.com;;;;;
equiconstrucorp@yahoo.es;;;;;
eqp_1@hotmail.com;;;;;
epsilonruiz@hotmail.com;;;;;
enriqueluces@yahoo.com;;;;;
enmofi@gmail.com;;;;;
emilioarauz@hotmail.com;;;;;
emgutier@puc.cl;;;;;
emcciel_construcciones@yahoo.es;;;;;
eltibiritabara@hotmail.com;;;;;
ellenrodriguez@yahoo.com;;;;;
elizabethve@hotmail.com;;;;;
elisamartinezg@hotmail.com;;;;;
elisacristi@yahoo.es;;;;;
eleana_nc14@hotmail.com;;;;;
eldjij6@hotmail.com;;;;;
ekopraxis@gmail.com;;;;;
ejordan@telconet.net;;;;;
efierrof@yahoo.com;;;;;
efficacy@efficacitas.com;;;;;
edwinxavier67@hotmail.com;;;;;
edwar91@hotmail.com;;;;;
edw_rey@hotmail.com;;;;;
eduardoxavierlima@gmail.com;;;;;
edgarfreire@hotmail.com;;;;;
eddyaleaga@hotmail.com;;;;;
ecuaservarcan@hotmail.com;;;;;
ecuainstrument@yahoo.com;;;;;
econometal@hotmail.com;;;;;
ebolona@southtropical.com;;;;;
ebarcovera@hotmail.com;;;;;
earanal@hotmail.com;;;;;
eapetrol@yahoo.com;;;;;
eacd_isl@yahoo.com;;;;;
e.altamirano@omaconsa.com.ec;;;;;
dprsa@ecutel.net;;;;;
dmartroya@hotmail.com;;;;;
djcosmos981@hotmail.com;;;;;
disprova@ecutel.net;;;;;
disandina7@hotmail.com;;;;;
dimafin_ferre@yahoo.es;;;;;
dimacc-ventas@hotmail.com;;;;;
dilmer48@gmail.com;;;;;
digenxen@yahoo.com;;;;;
diegomantilla@hotmail.com;;;;;
dicrupsa@yahoo.es;;;;;
dgherrera_78@hotmail.com;;;;;
desiredflores@hotmail.com;;;;;
deltawork.ec@gmail.com;;;;;
delpacifico@ecuaenlace.com;;;;;
delmopul_c@yahoo.es;;;;;
ddomenech@centuriosa.com;;;;;
dclips@gmail.com;;;;;
darwin.gr@hotmail.com;;;;;
daniel.carvajal@sager.com.ec;;;;;
daillescas@yahoo.com;;;;;
dagradisa@gmail.com;;;;;
daccapla@hotmail.com;;;;;
dabetan@hotmail.com;;;;;
d_solarte@hotmail.com;;;;;
d_davila20@hotmail.com;;;;;
cws@gye.on.net.ec;;;;;
ctt@espol.edu.ec;;;;;
corptraveltisa@hotmail.com;;;;;
corprestigio-sa@hotmail.com;;;;;
corgiher@hotmail.com;;;;;
contabilidad@quiroz.com.ec;;;;;
contab@betatronicsa.com;;;;;
consuper@ecua.net.ec;;;;;
construya@homail.com;;;;;
construriana@hotmail.com;;;;;
constructoragrunauer1@ecutel.net;;;;;
constrid@gye.sanet.net;;;;;
conrevysa@hotmail.com;;;;;
condraiarsa@gmail.com;;;;;
concalsaecuador@gmail.com;;;;;
comvisepri@yahoo.com;;;;;
compudiner_2005@hotmail.com;;;;;
comeza1@hotmail.com;;;;;
comercialmaviric@hotmail.com;;;;;
color-factory@hotmail.com;;;;;
colorada1607@hotmail.com;;;;;
codibalsa@gmail.com;;;;;
clinicadelmedico@hotmail.com;;;;;
clientucocatering@gmail.com;;;;;
cjuez@salpacifico.com;;;;;
cindy_sandoval@e-strategia.com;;;;;
ciaherosa@hotmail.com;;;;;
ciaconstrumani@hotmail.com;;;;;
christianulich@gmail.com;;;;;
choosecorpsa2009@gmail.com;;;;;
chevywk@hotmail.com;;;;;
chemproind@yahoo.es;;;;;
chemlok@gmail.com;;;;;
chdiaz29@hotmail.com;;;;;
chartur_construcciones@yahoo.com;;;;;
cesarwill1@hotmail.com;;;;;
cesarkuffo_63@hotmail.com;;;;;
cema@espol.edu.ec;;;;;
celsosantillan@hotmail.com;;;;;
celedonia_7@hotmail.com;;;;;
cbom50@hotmail.com;;;;;
cbajana@ecutel.net;;;;;
catymontalvan@hotmail.com;;;;;
carlosvaque@hotmail.com;;;;;
carlosruizb@hotmail.com;;;;;
carlosemonteverde@gmail.com;;;;;
carlos.flores@electrologica.com;;;;;
carcarlei@gmail.com;;;;;
carbai@yahoo.com;;;;;
capacitese@senecorp.com;;;;;
capacitacion@clapam.com;;;;;
calmosa@calmosacorp.com;;;;;
calderonvallejo1981@hotmail.com;;;;;
cacerea@hotmail.com;;;;;
buzochalen@hotmail.com;;;;;
brilaxsa@hotmail.com;;;;;
bralex3333@hotmail.com;;;;;
boris_matamoros@msn.com;;;;;
bogapublicidad@yahoo.com;;;;;
boeckcorp@hotmail.com;;;;;
bertharada50@hotmail.com;;;;;
benimex@hotmail.com;;;;;
belen_geovy@yahoo.com;;;;;
beatriz_loorzambrano@hotmail.com;;;;;
banegas_autocadpractico@hotmail.com;;;;;
ayala.victor@yahoo.com;;;;;
audiovision_gye@hotmail.com;;;;;
atoro6011@hotmail.com;;;;;
assinavsa@hotmail.com;;;;;
aserrano@impsat.net.ec;;;;;
asenabra@andinanet.net;;;;;
arturo_mosquera@hotmail.com;;;;;
artmobel@trans-telco.net;;;;;
artedecec@hotmail.com;;;;;
arsermil@yahoo.com;;;;;
arsenio_castillo@mail.com;;;;;
arrieta963@hotmail.com;;;;;
arquitectura_inteligente@live.com;;;;;
arqrafa@hotmail.com;;;;;
arqfernandovelasquez@hotmail.com;;;;;
arqangel49@hotmail.com;;;;;
arq_karpin3000@hotmail.com;;;;;
armas.ing@hotmail.com;;;;;
aricaurte@artechnologies.com.ec;;;;;
anibarq7@yahoo.com;;;;;
angelchristianaguiar@gmail.com;;;;;
angelballadaresm@hotmail.com;;;;;
aneira33@hotmail.com;;;;;
amzambrano23@hotmail.com;;;;;
amontane@alonesa.com;;;;;
amadita_7@yahoo.com;;;;;
alvarezyepez@hotmail.com;;;;;
alparrleon@hotmail.com;;;;;
alfredopaulsonm@gmail.com;;;;;
alf.zevallos@hotmail.com;;;;;
alexisrivit@yahoo.com;;;;;
alexandra_chele@yahoo.es;;;;;
alex_javier_20@hotmail.com;;;;;
aleminsa@aleminsa.com.ec;;;;;
albevela@hotmail.com;;;;;
alberto_marmolb@hotmail.com;;;;;
agfem@hotmail.com;;;;;
admin@qualityec.com;;;;;
adhesivo.ec@hotmail.com;;;;;
acruz@tecmocruz.com;;;;;
acattan@tuvalsa.com;;;;;
acabrera@misbellsa.net;;;;;
abtdist@on.net.ec;;;;;
aaguillon1966@gmail.com;;;;;
peter_caicedo@hotmail.com;;;;;
officesuministros@hotmail.com;;;;;
msuarez@uees.edu.ec;;;;;
betsyvinueza@hotmail.com;;;;;
ventas@ciapromase.com;;;;;
stylestechnology@hotmail.com;;;;;
servinpet@linkabu.net;;;;;
rubengz.tbl@gmail.com;;;;;
mtv@xmenmaritime.com;;;;;
mri_ecuador@telconet.net;;;;;
mmurillo@ainsa.com.ec;;;;;
lmosquer@hotmail.com;;;;;
atagesa@yahoo.de;;;;;
arasco@grupomj.com;;;;;
wilcarme@hotmail.com;;;;;
vigarse@ecua.net.ec;;;;;
vibratec@gu.pro.ec;;;;;
mapelsa@yahoo.com;;;;;
manuel_solano_nunez@yahoo.com;;;;;
manteni_rivera@hotmail.com;;;;;
manager@estamars.com;;;;;
mamosquera@semosquera.com;;;;;
m_16molina@hotmail.com;;;;;
lcamino@microsolutions-sa.com;;;;;
lacorporacionpisadas@hotmail.com;;;;;
jilanata@lanata.com.ec;;;;;
jfyagual@yahoo.es;;;;;
javier_cobo195@hotmail.com;;;;;
jaime.paez@intertek.com;;;;;
ingalfredodiazk@hotmail.com;;;;;
info@probucam.com;;;;;
info@lacasadelatobera.com;;;;;
info@inderinsa.com;;;;;
imsflores@hotmail.com;;;;;
imprenta_metro@hotmail.com;;;;;
hormigoneraguayaquil@gmail.com;;;;;
gt_distribuidor@yahoo.es;;;;;
gopesa_const@hotmail.com;;;;;
gerente@aeromilitec.com;;;;;
geadministrativo@seginter.com;;;;;
ftabacchi@acotabsa.com;;;;;
fhumano@yahoo.com;;;;;
feteinsa@telconet.net;;;;;
ferrensa@hotmail.com;;;;;
farletsa@hotmail.com;;;;;
fabriesmetal@yahoo.com;;;;;
enunez@interlabec.com;;;;;
elicrom@elicrom.com;;;;;
eleindsa@hotmail.com;;;;;
dispropel@yahoo.com;;;;;
difarmas_sa@hotmail.com;;;;;
davidcastro@ecutel.net;;;;;
david.roman@romansel.com;;;;;
cvergara46@hotmail.com;;;;;
coordinaciongeneral@hotmail.es;;;;;
consultora@grupovera.com;;;;;
consorcio_garbod@hotmail.com;;;;;
conautica@conautica.com;;;;;
conacip@hotmail.com;;;;;
coexvensa@yahoo.com;;;;;
cepolin_sa@yahoo.com;;;;;
carlosalmeidaec@yahoo.com;;;;;
campos.asociados1@gmail.com;;;;;
belmensa@hotmail.com;;;;;
atempauta@gmail.com;;;;;
alcolisti@gmail.com;;;;rjames8967@hotmail.com;asconlegsa.s.a@gmail.com
